/*create database superfact3;*/
use tenant;
insert into tipo_entidad (id, descripcion, cantdigitos) values(1, "DNI", 8);
insert into tipo_entidad (id, descripcion, cantdigitos) values(6, "RUC", 11);
insert into tipo_entidad (id, descripcion, cantdigitos) values(7, "PASAPORTE", 12);
insert into tipo_entidad (id, descripcion, cantdigitos) values(4, "CARNET EXTRANJERIA", 12);
insert into tipo_comprobante(prefijo, descripcion) values ('F', 'FACTURA');
insert into tipo_comprobante(prefijo, descripcion)values ('B', 'BOLETA');
insert into tipo_comprobante(prefijo, descripcion)values ('FC', 'NOTA DE CREDITO');
insert into tipo_comprobante(prefijo, descripcion)values ('BC', 'NOTA DE DEBITO');
insert into tipo_condicion(nombre, diascredito,descripcion) values ('VENTA', 0, 'VENTA AL MOMENTO PAGO INSTANTANEO');
insert into tipo_condicion(nombre, diascredito,descripcion) values ('CREDITO 1', 1, 'SE OTORGA 1 DIAS DE CREDITO PARA PAGAR');
insert into tipo_condicion(nombre, diascredito,descripcion) values ('CREDITO 2', 2, 'SE OTORGA 2 DIAS DE CREDITO PARA PAGAR');
insert into tipo_condicion(nombre, diascredito,descripcion) values ('CREDITO 5', 5, 'SE OTORGA 5 DIAS DE CREDITO PARA PAGAR');
insert into tipo_condicion(nombre, diascredito,descripcion) values ('CREDITO 7', 7, 'SE OTORGA 7 DIAS DE CREDITO PARA PAGAR');
insert into tipo_condicion(nombre, diascredito,descripcion) values ('CREDITO 10', 10, 'SE OTORGA 10 DIAS DE CREDITO PARA PAGAR');
insert into tipo_condicion(nombre, diascredito,descripcion) values ('CREDITO 15', 15, 'SE OTORGA 15 DIAS DE CREDITO PARA PAGAR');
insert into tipo_condicion(nombre, diascredito,descripcion) values ('CREDITO 30', 30, 'SE OTORGA 30 DIAS DE CREDITO PARA PAGAR');
insert into tipo_condicion(nombre, diascredito,descripcion) values ('CONSIGNACION', 60, 'VENTA AL MOMENTO PAGO INSTANTANE');
insert into tipo_pago(nombre, descripcion) values ('EFECTIVO [CONTADO]','SE OTORGA 1 DIAS DE CREDITO PARA PAGAR');
insert into tipo_pago(nombre, descripcion) values ('TARJETA DÉBITO [CONTADO]','SE OTORGA 1 DIAS DE CREDITO PARA PAGAR');
insert into tipo_pago(nombre, descripcion) values ('TARJETA CRÉDITO [CONTADO]','SE OTORGA 1 DIAS DE CREDITO PARA PAGAR');
insert into tipo_pago(nombre, descripcion) values ('TRANSFERENCIA [CONTADO]','SE OTORGA 1 DIAS DE CREDITO PARA PAGAR');
insert into tipo_pago(nombre, descripcion) values ('GIRO [CONTADO]','SE OTORGA 1 DIAS DE CREDITO PARA PAGAR');
insert into tipo_pago(nombre, descripcion) values ('CHEQUE [CONTADO]','SE OTORGA 1 DIAS DE CREDITO PARA PAGAR');
insert into tipo_pago(nombre, descripcion) values ('POR PAGAR [CRÉDITO]','SE OTORGA 1 DIAS DE CREDITO PARA PAGAR');
insert into tipo_moneda(nombre) values('SOLES');
insert into tipo_moneda(nombre) values('DOLARES');
insert into tipo_moneda(nombre) values('EUROS');
insert into rol(id,descripcion,nombre) values (1,'Acceso total a funciones del tenant','administrador');
insert into rol(id,descripcion,nombre) values (2,'Acceso total a funciones del facturacion','vendedor');
insert into rol(id,descripcion,nombre) values (3,'Acceso','almacenero');
insert into privilegio(id,descripcion,nombre) values (1,'Acceso total a funciones de facturacion','facturas');
insert into privilegio(id,descripcion,nombre) values (2,'Acceso total a funciones de boletas','boletas');
insert into privilegio(id,descripcion,nombre) values (3,'Acceso total a funciones de administracion de usuarios','usuarios');
insert into privilegio(id,descripcion,nombre) values (4,'Acceso reportes','reportes');
insert into privilegio(id,descripcion,nombre) values (5,'Acceso almacenes','almacenes');
insert into rol_privilegio (rol_id, privilegio_id) values(1,1);
insert into rol_privilegio (rol_id, privilegio_id) values(1,2);
insert into rol_privilegio (rol_id, privilegio_id) values(1,3);
insert into rol_privilegio (rol_id, privilegio_id) values(1,4);
insert into rol_privilegio (rol_id, privilegio_id) values(1,5);
insert into rol_privilegio (rol_id, privilegio_id) values(2,1);
insert into rol_privilegio (rol_id, privilegio_id) values(2,2);
insert into estadoproducto(id,nombre) values (1,'stock');
insert into estadoproducto(id,nombre) values (2,'vendido');
insert into estadoproducto(id,nombre) values (3,'rma');